{
  "version": 1,
  "author": "LOKESH R 20CS034",
  "editor": "wokwi",
  "parts": [
    { "type": "wokwi-arduino-uno", "id": "uno", "top": 0, "left": 0, "attrs": {} },
    { "type": "wokwi-pir-motion-sensor", "id": "pir1", "top": -118.8, "left": 0.22, "attrs": {} },
    {
      "type": "wokwi-photoresistor-sensor",
      "id": "ldr1",
      "top": -89.34,
      "left": 266.13,
      "attrs": {}
    },
    {
      "type": "wokwi-led",
      "id": "led1",
      "top": 56.05,
      "left": 588.19,
      "attrs": { "color": "red" }
    },
    {
      "type": "wokwi-buzzer",
      "id": "bz1",
      "top": 319.84,
      "left": -50.89,
      "attrs": { "volume": "0.1" }
    }
  ],
  "connections": [
    [
      "pir1:VCC",
      "uno:5V",
      "red",
      [ "v17.06", "h-66.11", "v232.64", "h191.18", "v0", "h0", "v0" ]
    ],
    [ "pir1:GND", "uno:GND.2", "black", [ "v292.31", "h118.27", "v0" ] ],
    [ "pir1:OUT", "uno:2", "green", [ "v16.12", "h1.16" ] ],
    [ "ldr1:DO", "uno:A0", "green", [ "h102.52", "v308.1", "h-326.78", "v-5.3" ] ],
    [ "ldr1:VCC", "uno:5V", "red", [ "h39.5", "v294.5", "h-317.63", "v6.28" ] ],
    [ "ldr1:GND", "uno:GND.3", "black", [ "h24.44", "v381.17", "h-281.22" ] ],
    [ "led1:A", "uno:3", "green", [ "v27.7", "h-320.11", "v-151.91", "h-74.07", "v3.77", "h0" ] ],
    [ "led1:C", "uno:GND.2", "green", [ "v253.68", "h-430.63" ] ],
    [ "bz1:2", "uno:4", "green", [ "v75.94", "h-150.01", "v-644.04", "h287.5" ] ],
    [ "bz1:1", "uno:GND.3", "green", [ "v78.46", "h246.67" ] ]
  ],
  "dependencies": {}
}